Purchase Request,Purchase Request,Purchase Request,Purchase Request,Purchase Request,Purchase Request,Purchase Request,Purchase Request,Purchase Request,Purchase Request,Purchase Request,Purchase Order,Purchase Order,Purchase Order,Purchase Order,Purchase Order,Purchase Order,Purchase Order,Purchase Order,Purchase Order,Purchase Order,Purchase Order,Purchase Order Onsite,Purchase Order Onsite,Purchase Order Onsite,Purchase Order Onsite,Purchase Order Received,Purchase Order Received,Purchase Order Received,Purchase Order Received,Purchase Order Received,Purchase Order Payment,Purchase Order Payment,
Keterangan,Klasifikasi Barang,PR Number,Location,Item Desc,UOM,Approved Date,  Unit Price  ,Quantity,  Amount  ,Status,PO No,Approved Date,Supplier Name,Quantity,  Unit Price  , Amount ,  Cost Saving,%  Cost Saving , SLA (Target) ,SLA (realisasi),SLA %,Tgl Onsite, SLA (Target) ,SLA (realisasi,SLA %,Tgl Terima Invoice,Tgl Pengajuan Invoice,SLA Pengajuan,SLA Realisasi,SLA %,Tgl Pembayaran,SLA Pembayaran,
Done,Pengadaan Perlengkapan Kantor,KIK0000009201,HEAD OFFICE KIK.,LICENSE MS OFFICE 365 OFFLINE (FAMILY) untuk ibu salis,Unit,21-Jan-25,"1,500,000",1,"1,500,000",APPROVED,KIK3600004605,22-Jan-25,CV. ELEXTRA,1,"990,991","990,991","509,009",34%,7,2,100%,24-Jan-25,3,3,100%,2/15/2025,2/17/2025,5,1,100%,3/25/2025,27,
Done,Pengadaan Perlengkapan Kantor,KIK0000009269,HEAD OFFICE KIK.,PRINTER Epson L3250 (Copy/Scan/Wifi),Set,21-Jan-25,"2,700,000",1,"2,700,000",APPROVED,KIK3600004600,21-Jan-25,CV. ELEXTRA,1,"2,432,432","2,432,432","267,568",10%,7,1,100%,12-Feb-25,3,17,0%,2/15/2025,2/17/2025,5,1,100%,3/25/2025,27,
Done,Pengadaan Perlengkapan Kantor,KIK0000009299,HEAD OFFICE KIK.,"MAP BENING PUTIH (8 MaRI, 2 GA, 2 WK)",Pack,24-Jan-25,"22,000",12,"264,000",APPROVED,KIK3600004691,24-Feb-25,CV. BUTTA RATEA MANDIRI,12,"22,000","264,000", -   ,0%,7,22,0%,28-Feb-25,3,5,0%,3/3/2025,3/3/2025,5,1,100%,5/13/2025,52,
Done,Pengadaan Perlengkapan Kantor,KIK0000009299,HEAD OFFICE KIK.,"KERTAS HVS A4 80gr SIDU (2 dos MaRI, 2 rim legal, 1 rim GA, 2 Rim billing, 1 Dos Nipah) ",Dozen,24-Jan-25,"285,000",4,"1,140,000",APPROVED,KIK3600004691,24-Feb-25,CV. BUTTA RATEA MANDIRI,4,"285,000","1,140,000", -   ,0%,7,22,0%,28-Feb-25,3,5,0%,4/15/2025,4/16/2025,5,2,100%,5/13/2025,20,
Done,Pengadaan Perlengkapan Kantor,KIK0000009299,HEAD OFFICE KIK.,"TINTA PRINTER EPSONS L3250 MAGENTA (2 Mari, 2 GA)",BTL,24-Jan-25,"110,000",4,"440,000",APPROVED,KIK3600004691,24-Feb-25,CV. BUTTA RATEA MANDIRI,4,"110,000","440,000", -   ,0%,7,22,0%,28-Feb-25,3,5,0%,4/15/2025,4/16/2025,5,2,100%,5/13/2025,20,
Done,Pengadaan Perlengkapan Kantor,KIK0000009299,HEAD OFFICE KIK.,"TINTA PRINTER EPSONS L3250 KUNING (2 Mari, 2 GA)",BTL,24-Jan-25,"110,000",4,"440,000",APPROVED,KIK3600004691,24-Feb-25,CV. BUTTA RATEA MANDIRI,4,"110,000","440,000", -   ,0%,7,22,0%,28-Feb-25,3,5,0%,4/15/2025,4/16/2025,5,2,100%,5/13/2025,20,
Done,Pengadaan Perlengkapan Kantor,KIK0000009299,HEAD OFFICE KIK.,"TINTA PRINTER EPSONS L3250 CYAN (2 Mari, 2 GA, 1 billing)",BTL,24-Jan-25,"110,000",5,"550,000",APPROVED,KIK3600004691,24-Feb-25,CV. BUTTA RATEA MANDIRI,5,"110,000","550,000", -   ,0%,7,22,0%,28-Feb-25,3,5,0%,4/15/2025,4/16/2025,5,2,100%,5/13/2025,20,
Done,Pengadaan Perlengkapan Kantor,KIK0000009299,HEAD OFFICE KIK.,"TINTA PRINTER EPSONS L3250 HITAM (2 Mari, 2 GA, 1 billing)",BTL,24-Jan-25,"110,000",5,"550,000",APPROVED,KIK3600004691,24-Feb-25,CV. BUTTA RATEA MANDIRI,5,"110,000","550,000", -   ,0%,7,22,0%,28-Feb-25,3,5,0%,4/15/2025,4/16/2025,5,2,100%,5/13/2025,20,
Done,Pengadaan Perlengkapan Kantor,KIK0000009299,HEAD OFFICE KIK.,"PULPEN STANDAR R8 HITAM (2 Mari, 1 GA)",Dozen,24-Jan-25,"48,500",3,"145,500",APPROVED,KIK3600004691,24-Feb-25,CV. BUTTA RATEA MANDIRI,3,"48,500","145,500", -   ,0%,7,22,0%,28-Feb-25,3,5,0%,4/15/2025,4/16/2025,5,2,100%,5/13/2025,20,
Done,Pengadaan Perlengkapan Kantor,KIK0000009299,HEAD OFFICE KIK.,"PULPEN STANDAR R8 BIRU (2 Mari, 1 GA)",Dozen,24-Jan-25,"48,500",3,"145,500",APPROVED,KIK3600004691,24-Feb-25,CV. BUTTA RATEA MANDIRI,3,"48,500","145,500", -   ,0%,7,22,0%,28-Feb-25,3,5,0%,4/15/2025,4/16/2025,5,2,100%,5/13/2025,20,
Done,Pengadaan Perlengkapan Kantor,KIK0000009299,HEAD OFFICE KIK.,"MOUSE LOGITECH M311 HITAM (1 Mari, 1 GA)",Pcs,24-Jan-25,"270,000",2,"540,000",APPROVED,KIK3600004706,24-Feb-25,KOPERASI KARYAWAN KALLA GROUP,2,"230,000","460,000","80,000",15%,7,22,0%,28-Feb-25,3,5,0%,3/14/2025,3/15/2025,5,1,100%,5/13/2025,42,
Done,Pengadaan Perlengkapan Kantor,KIK0000009299,HEAD OFFICE KIK.,MOUSE PAD (Untuk Legal),Pcs,24-Jan-25,"18,000",1,"18,000",APPROVED,KIK3600004691,24-Feb-25,CV. BUTTA RATEA MANDIRI,1,"18,000","18,000", -   ,0%,7,22,0%,28-Feb-25,3,5,0%,3/3/2025,3/3/2025,5,1,100%,5/13/2025,52,
Done,Pengadaan Perlengkapan Kantor,KIK0000009299,HEAD OFFICE KIK.,MAP COKELAT F4 (Untuk Legal),Pack,24-Jan-25,"15,000",1,"15,000",APPROVED,KIK3600004691,24-Feb-25,CV. BUTTA RATEA MANDIRI,1,"15,000","15,000", -   ,0%,7,22,0%,28-Feb-25,3,5,0%,4/15/2025,4/15/2025,5,1,100%,5/13/2025,21,
Done,Pengadaan Perlengkapan Kantor,KIK0000009299,HEAD OFFICE KIK.,"LAKBAN BENING 2"" (Untuk MaRI)",Roll,24-Jan-25,"18,000",5,"90,000",APPROVED,KIK3600004706,24-Feb-25,KOPERASI KARYAWAN KALLA GROUP,5,"9,000","45,000","45,000",50%,7,22,0%,28-Feb-25,3,5,0%,3/14/2025,3/15/2025,5,1,100%,5/13/2025,42,
Done,Pengadaan Perlengkapan Kantor,KIK0000009299,HEAD OFFICE KIK.,"LAKBAN BENING 5"" (5 MaRI, 3 WK)",Roll,24-Jan-25,"22,000",8,"176,000",APPROVED,KIK3600004706,24-Feb-25,KOPERASI KARYAWAN KALLA GROUP,8,"15,000","120,000","56,000",32%,7,22,0%,28-Feb-25,3,5,0%,3/14/2025,4/16/2025,5,24,0%,5/13/2025,20,
Done,Pengadaan Perlengkapan Kantor,KIK0000009299,HEAD OFFICE KIK.,"ISOLASI DOUBLE TAPE 3"" (5 MaRI, 3 WK)",Roll,24-Jan-25,"15,000",8,"120,000",APPROVED,KIK3600004691,24-Feb-25,CV. BUTTA RATEA MANDIRI,8,"15,000","120,000", -   ,0%,7,22,0%,28-Feb-25,3,5,0%,3/3/2025,3/3/2025,5,1,100%,5/13/2025,52,
Done,Pengadaan Perlengkapan Kantor,KIK0000009299,HEAD OFFICE KIK.,BATERAI ALCALINE AA (ISI 2) (untuk mari),Set,24-Jan-25,"15,000",6,"90,000",APPROVED,KIK3600004691,24-Feb-25,CV. BUTTA RATEA MANDIRI,6,"15,000","90,000", -   ,0%,7,22,0%,28-Feb-25,3,5,0%,4/15/2025,4/16/2025,5,2,100%,5/13/2025,20,
Done,Pengadaan Perlengkapan Kantor,KIK0000009299,HEAD OFFICE KIK.,"BATERAI ALCALINE AAA (ISI 2) (6 mari, 4 wk)",Set,24-Jan-25,"17,000",10,"170,000",APPROVED,KIK3600004691,24-Feb-25,CV. BUTTA RATEA MANDIRI,10,"17,000","170,000", -   ,0%,7,22,0%,28-Feb-25,3,5,0%,4/15/2025,4/16/2025,5,2,100%,5/13/2025,20,
Done,Pengadaan Perlengkapan Kantor,KIK0000009299,HEAD OFFICE KIK.,SPIDOL SNOWMAN PERMANENT (untuk MaRI),Pcs,24-Jan-25,"8,500",4,"34,000",APPROVED,KIK3600004691,24-Feb-25,CV. BUTTA RATEA MANDIRI,4,"8,500","34,000", -   ,0%,7,22,0%,28-Feb-25,3,5,0%,4/15/2025,4/16/2025,5,2,100%,5/13/2025,20,
Done,Pengadaan Perlengkapan Kantor,KIK0000009299,HEAD OFFICE KIK.,"SPIDOL SNOWMAN WHITEBOARD (6 MaRI, 6 GA)",Dozen,24-Jan-25,"98,500",1,"98,500",APPROVED,KIK3600004691,24-Feb-25,CV. BUTTA RATEA MANDIRI,1,"98,500","98,500", -   ,0%,7,22,0%,28-Feb-25,3,5,0%,4/15/2025,4/16/2025,5,2,100%,5/13/2025,20,
Done,Pengadaan Perlengkapan Kantor,KIK0000009299,HEAD OFFICE KIK.,BOX FILE (untuk mari),Pcs,24-Jan-25,"36,000",2,"72,000",APPROVED,KIK3600004691,24-Feb-25,CV. BUTTA RATEA MANDIRI,2,"35,000","70,000","2,000",3%,7,22,0%,28-Feb-25,3,5,0%,4/15/2025,4/16/2025,5,2,100%,5/13/2025,20,
Done,Pengadaan Perlengkapan Kantor,KIK0000009299,HEAD OFFICE KIK.,"SIGN HERE (5 mari, 5 GA)",Pcs,24-Jan-25,"21,000",10,"210,000",APPROVED,KIK3600004706,24-Feb-25,KOPERASI KARYAWAN KALLA GROUP,10,"17,000","170,000","40,000",19%,7,22,0%,28-Feb-25,3,5,0%,3/14/2025,3/15/2025,5,1,100%,5/13/2025,42,
Done,Pengadaan Perlengkapan Kantor,KIK0000009299,HEAD OFFICE KIK.,KWITANSI UK. SEDANG (Untuk Mari),Pcs,24-Jan-25,"5,000",12,"60,000",APPROVED,KIK3600004691,24-Feb-25,CV. BUTTA RATEA MANDIRI,12,"5,000","60,000", -   ,0%,7,22,0%,28-Feb-25,3,5,0%,4/15/2025,4/16/2025,5,2,100%,5/13/2025,20,
Done,Pengadaan Perlengkapan Kantor,KIK0000009299,HEAD OFFICE KIK.,ISI HEKTER NO.10 (Untuk Mari),Pack,24-Jan-25,"26,000",1,"26,000",APPROVED,KIK3600004691,24-Feb-25,CV. BUTTA RATEA MANDIRI,1,"26,000","26,000", -   ,0%,7,22,0%,28-Feb-25,3,5,0%,4/15/2025,4/16/2025,5,2,100%,5/13/2025,20,
Done,Pengadaan Perlengkapan Kantor,KIK0000009299,HEAD OFFICE KIK.,AMPLOP PUTIH NO.90 PPL (Untuk Mari),Dozen,24-Jan-25,"28,000",4,"112,000",APPROVED,KIK3600004691,24-Feb-25,CV. BUTTA RATEA MANDIRI,4,"28,000","112,000", -   ,0%,7,22,0%,28-Feb-25,3,5,0%,4/15/2025,4/16/2025,5,2,100%,5/13/2025,20,
Done,Pengadaan Perlengkapan Kantor,KIK0000009299,HEAD OFFICE KIK.,MAP BUSINES FILE (untuk Mari),Pack,24-Jan-25,"48,000",3,"144,000",APPROVED,KIK3600004691,24-Feb-25,CV. BUTTA RATEA MANDIRI,3,"48,000","144,000", -   ,0%,7,22,0%,28-Feb-25,3,5,0%,4/15/2025,4/16/2025,5,2,100%,5/13/2025,20,
Done,Pengadaan Perlengkapan Kantor,KIK0000009299,HEAD OFFICE KIK.,POST IT BESAR (untuk Mari),Pcs,24-Jan-25,"40,000",10,"400,000",APPROVED,KIK3600004706,24-Feb-25,KOPERASI KARYAWAN KALLA GROUP,10,"18,000","180,000","220,000",55%,7,22,0%,28-Feb-25,3,5,0%,3/14/2025,3/15/2025,5,1,100%,5/14/2025,43,
Done,Pengadaan Perlengkapan Kantor,KIK0000009318,HEAD OFFICE KIK.,GLUE STICK UK BESAR 25gr (untuk Mari),Pcs,24-Jan-25,"8,000",6,"48,000",APPROVED,KIK3600004691,24-Feb-25,CV. BUTTA RATEA MANDIRI,6,"8,000","48,000", -   ,0%,7,22,0%,28-Feb-25,3,5,0%,3/3/2025,3/3/2025,5,5,100%,5/13/2025,52,
Done,Pengadaan Perlengkapan Kantor,KIK0000009323,HEAD OFFICE KIK.,"VENTION Kabel HDMI 2.0 Male to Male 4K , 5 Meter - AAHBJ",Mtr,24-Jan-25,"30,000",5,"150,000",APPROVED,KIK3600004630,7-Feb-25,PT. KAWAUSO TEKNOLOGI INDONESIA,5,"24,000","120,000","30,000",20%,7,11,0%,12-Feb-25,3,4,0%,7-May-25,7-May-25,5,1,100%,5/13/2025,5,
Done,Pengadaan Perlengkapan Kantor,KIK0000009340,HEAD OFFICE KIK.,ISI KOTAK P3K,Set,24-Jan-25,"474,800",1,"474,800",APPROVED,KIK3600004632,18-Feb-25,KLINIK RINRA MEDIKA,1,"434,000","434,000","40,800",9%,7,18,0%,27-Feb-25,3,8,0%,3/3/2025,3/3/2025,5,1,100%,28-Mar-25,20,
Done,Pengadaan Perlengkapan Kantor,KIK0000009340,HEAD OFFICE KIK.,MERCHANDISE ROMPI,Pcs,5-Feb-25,"130,000",70,"9,100,000",APPROVED,KIK3600004686,18-Feb-25,CV. POINTS SUKSES INDONESIA,70,"130,000","9,100,000", -   ,0%,7,10,0%,10-Mar-25,3,15,0%,3/24/2025,3/24/2025,5,1,100%,25-Apr-25,25,
Done,Pengadaan Perlengkapan Kantor,KIK0000009406,HEAD OFFICE KIK.,LAPTOP  HP RAM Sodimm Corsair Vengeance DDR4 8GB 3200MHz (untuk Laptop Ibu Yani),Pcs,12-Feb-25,"490,000",1,"490,000",APPROVED,KIK3600004677,14-Feb-25,PT. KAWAUSO TEKNOLOGI INDONESIA,1,"450,000","450,000","40,000",8%,7,3,100%,19-Feb-25,3,4,0%,3/24/2025,3/24/2025,5,1,100%,25-Apr-25,25,
Done,Pengadaan Perlengkapan Kantor,KIK0000009406,HEAD OFFICE KIK.,Charger Laptop HP ProBook 430 G6,Pcs,12-Feb-25,"450,000",1,"450,000",APPROVED,KIK3600004677,14-Feb-25,PT. KAWAUSO TEKNOLOGI INDONESIA,1,"350,000","350,000","100,000",22%,7,3,100%,19-Feb-25,3,4,0%,3/24/2025,3/24/2025,5,1,100%,25-Apr-25,25,
Done,Pengadaan Perlengkapan Kantor,KIK0000009458,HEAD OFFICE KIK.,POSTER LIST TENANT Untuk dalam lift (Ukr. 39 cm x 59 cm),Sheet,26-Feb-25,"50,000",4,"200,000",APPROVED,KIK3600004724,27-Feb-25,GAJAH PRINTING,4,"40,000","160,000","40,000",20%,7,2,100%,3/17/2025,3,13,0%,3/17/2025,3/17/2025,5,1,100%,15-Apr-25,22,
Done,Pengadaan Perlengkapan Kantor,KIK0000009458,HEAD OFFICE KIK.,POSTER LIST TENANT Untuk Area parkir P1-P3(Ukr. 39 cm x 59 cm),Sheet,26-Feb-25,"50,000",3,"150,000",APPROVED,KIK3600004724,27-Feb-25,GAJAH PRINTING,3,"40,000","120,000","30,000",20%,7,2,100%,3/17/2025,3,13,0%,3/17/2025,3/17/2025,5,1,100%,15-Apr-25,22,
Done,Pengadaan Perlengkapan Kantor,KIK0000009458,HEAD OFFICE KIK.,POSTER LIST TENANT Untuk Area Lobby (32 cm x 50 cm),Sheet,26-Feb-25,"50,000",2,"100,000",APPROVED,KIK3600004724,27-Feb-25,GAJAH PRINTING,2,"40,000","80,000","20,000",20%,7,2,100%,3/17/2025,3,13,0%,3/17/2025,3/17/2025,5,1,100%,15-Apr-25,22,
Done,Pengadaan Perlengkapan Kantor,KIK0000009549,HEAD OFFICE KIK.,STEMPEL Logistik Wisma Kalla,Pcs,13-Mar-25,"90,000",1,"90,000",APPROVED,KIK3600004765,15-Mar-25,CV. SITRA PRINT,1,"75,000","75,000","15,000",17%,7,2,100%,17-Mar-25,3,1,100%,3/17/2025,3/17/2025,5,1,100%,15-Apr-25,22,
Done,Pengadaan Perlengkapan Kantor,KIK0000009551,HEAD OFFICE KIK.,LANYARD untuk anak magang (putih emas),Pcs,13-Mar-25,"22,000",20,"440,000",APPROVED,KIK3600004766,17-Mar-25,Junji studio,20,"20,000","400,000","40,000",9%,7,3,100%,26-Mar-25,3,8,0%,6-May-25,7-May-25,5,2,100%,4-Jun-25,21,
Done,Pengadaan Perlengkapan Kantor,KIK0000009554,HEAD OFFICE KIK.,PENGADAAN HAMPERS IDUL FITRI KALLA PROPERTY //JASA PENYELENGGARAAN ACARA (EVENT ORGANIZER),Lumpsum,14-Mar-25,"83,250,000",1,"83,250,000",APPROVED,KIK3600004778,21-Mar-25,PT. INTI KARSA PERSADA,1,"58,692,582.00","58,692,582","24,557,418",29%,7,6,100%,21-Mar-25,3,1,100%,19-May-25,19-May-25,5,1,100%,15-Apr-25,-25,
Done,Pengadaan Perlengkapan Kantor,KIK0000009555,HEAD OFFICE KIK.,KARTU NAMA Ibu Mila,Box,13-Mar-25,"65,000",1,"65,000",APPROVED,KIK3600004767,15-Mar-25,CV. SITRA PRINT,1,"60,000","60,000","5,000",8%,7,2,100%,20-Mar-25,3,4,0%,26-Mar-25,26-Mar-25,5,1,100%,25-Apr-25,23,
Done,Pengadaan Perlengkapan Kantor,KIK0000009555,HEAD OFFICE KIK.,KARTU NAMA Ibu Deasy,Box,13-Mar-25,"65,000",1,"65,000",APPROVED,KIK3600004767,15-Mar-25,CV. SITRA PRINT,1,"60,000","60,000","5,000",8%,7,2,100%,20-Mar-25,3,4,0%,26-Mar-25,26-Mar-25,5,1,100%,25-Apr-25,23,
Done,Pengadaan Perlengkapan Kantor,KIK0000009561,HEAD OFFICE KIK.,LAPTOP Apple Macbook Pro 2024 (untuk Pak Baso Divisi Markom),Unit,18-Mar-25,"27,999,000",1,"27,999,000",APPROVED,KIK3600004789,25-Mar-25,PT. HND GEMILANG SOLUSINDO,1,"25,225,225","25,225,225","2,773,775",10%,7,6,100%,26-Mar-25,3,2,100%,26-Mar-25,26-Mar-25,5,1,100%,13-May-25,35,
Done,Pengadaan Perlengkapan Kantor,KIK0000009569,HEAD OFFICE KIK.,"Aplikasi Nitro Pro Untuk Tim finance Bill & col (nipah, HO Dan Mari-WK) (2 untuk Nipah, 1 Mari-wk, dan 3 HO)",Unit,18-Mar-25,"203,000",6,"1,218,000",APPROVED,KIK3600004781,20-Mar-25,PT. TOKOPEDIA,6,"203,000","1,218,000", -   ,0%,7,3,100%,20-Mar-25,3,1,100%,26-Mar-25,26-Mar-25,5,1,100%,26-Mar-25,1,
Done,Pengadaan Perlengkapan Kantor,KIK0000009578,HEAD OFFICE KIK.,"KERTAS HVS A4 Sidu 80gr (2 untuk legal, 5 untuk nipah)",Ream,21-Mar-25,"58,000",7,"406,000",APPROVED,KIK3600004795,2-Apr-25,ATK MAKASSAR JAYA,7,"55,000","385,000","21,000",5%,7,7,100%,14-Apr-25,3,9,0%,9-Apr-25,10-Apr-25,5,2,100%,11-Apr-25,2,
Done,Pengadaan Perlengkapan Kantor,KIK0000009578,HEAD OFFICE KIK.,"Map Bening Putih (2 legal, 1 kasir, 1 stok GA)",Pack,21-Mar-25,"22,000",4,"88,000",APPROVED,KIK3600004795,2-Apr-25,ATK MAKASSAR JAYA,4,"15,000","60,000","28,000",32%,7,7,100%,14-Apr-25,3,9,0%,9-Apr-25,10-Apr-25,5,2,100%,11-Apr-25,2,
Done,Pengadaan Perlengkapan Kantor,KIK0000009578,HEAD OFFICE KIK.,"Tinta printer L360 warna Magenta (kode 664) (1 legal, 2 stok GA)",BTL,21-Mar-25,"110,000",3,"330,000",APPROVED,KIK3600004795,2-Apr-25,ATK MAKASSAR JAYA,3,"90,000","270,000","60,000",18%,7,7,100%,14-Apr-25,3,9,0%,9-Apr-25,10-Apr-25,5,2,100%,11-Apr-25,2,
Done,Pengadaan Perlengkapan Kantor,KIK0000009578,HEAD OFFICE KIK.,"Tinta printer L360 warna Cyan (kode 664) (1 legal, 2 stok GA)",BTL,21-Mar-25,"110,000",3,"330,000",APPROVED,KIK3600004795,2-Apr-25,ATK MAKASSAR JAYA,3,"90,000","270,000","60,000",18%,7,7,100%,14-Apr-25,3,9,0%,9-Apr-25,10-Apr-25,5,2,100%,11-Apr-25,2,
Done,Pengadaan Perlengkapan Kantor,KIK0000009578,HEAD OFFICE KIK.,"Tinta printer L360 warna Kuning (kode 664) (1 legal, 2 stok GA)",BTL,21-Mar-25,"110,000",3,"330,000",APPROVED,KIK3600004795,2-Apr-25,ATK MAKASSAR JAYA,3,"90,000","270,000","60,000",18%,7,7,100%,14-Apr-25,3,9,0%,9-Apr-25,10-Apr-25,5,2,100%,11-Apr-25,2,
Done,Pengadaan Perlengkapan Kantor,KIK0000009578,HEAD OFFICE KIK.,"Tinta printer L360 warna Hitam (kode 664) (2 legal, 2 stok GA) ",BTL,21-Mar-25,"110,000",4,"440,000",APPROVED,KIK3600004795,2-Apr-25,ATK MAKASSAR JAYA,4,"90,000","360,000","80,000",18%,7,7,100%,14-Apr-25,3,9,0%,9-Apr-25,10-Apr-25,5,2,100%,11-Apr-25,2,
Done,Pengadaan Perlengkapan Kantor,KIK0000009578,HEAD OFFICE KIK.,"Mouse logitech M331 Hitam (2 nipah bu lauran & astrid, 1 bu Yusni)",Pcs,21-Mar-25,"230,000",3,"690,000",APPROVED,KIK3600004795,2-Apr-25,ATK MAKASSAR JAYA,3,"175,000","525,000","165,000",24%,7,7,100%,14-Apr-25,3,9,0%,9-Apr-25,10-Apr-25,5,2,100%,11-Apr-25,2,
Done,Pengadaan Perlengkapan Kantor,KIK0000009578,HEAD OFFICE KIK.,"Plastik pocket folio uk. F4 clear ( 2 untuk legal, 1 Stok GA)",Pack,21-Mar-25,"30,000",3,"90,000",APPROVED,KIK3600004795,2-Apr-25,ATK MAKASSAR JAYA,3,"25,000","75,000","15,000",17%,7,7,100%,14-Apr-25,3,9,0%,9-Apr-25,10-Apr-25,5,2,100%,11-Apr-25,2,
Done,Pengadaan Perlengkapan Kantor,KIK0000009578,HEAD OFFICE KIK.,"Baterai Alcaline AA (6 untuk nipah, 4 Stok GA)",Pcs,21-Mar-25,"15,000",10,"150,000",APPROVED,KIK3600004795,2-Apr-25,ATK MAKASSAR JAYA,10,"15,000","150,000", -   ,0%,7,7,100%,14-Apr-25,3,9,0%,9-Apr-25,10-Apr-25,5,2,100%,11-Apr-25,2,
Done,Pengadaan Perlengkapan Kantor,KIK0000009578,HEAD OFFICE KIK.,Tempat Isolasi (untuk WK ibu suci),Pcs,21-Mar-25,"33,000",1,"33,000",APPROVED,KIK3600004795,2-Apr-25,ATK MAKASSAR JAYA,1,"24,000","24,000","9,000",27%,7,7,100%,14-Apr-25,3,9,0%,9-Apr-25,10-Apr-25,5,2,100%,11-Apr-25,2,
Done,Pengadaan Perlengkapan Kantor,KIK0000009578,HEAD OFFICE KIK.,"Lakban Hitam 5"" (3 untuk WK, 2 Stok GA)",Roll,21-Mar-25,"18,000",5,"90,000",APPROVED,KIK3600004795,2-Apr-25,ATK MAKASSAR JAYA,5,"12,000","60,000","30,000",33%,7,7,100%,14-Apr-25,3,9,0%,9-Apr-25,10-Apr-25,5,2,100%,11-Apr-25,2,
Done,Pengadaan Perlengkapan Kantor,KIK0000009578,HEAD OFFICE KIK.,"Baterai Alcaline AAA (12 untuk nipah, 2 Stok GA)",Pcs,21-Mar-25,"17,000",14,"238,000",APPROVED,KIK3600004795,2-Apr-25,ATK MAKASSAR JAYA,14,"15,000","210,000","28,000",12%,7,7,100%,14-Apr-25,3,9,0%,9-Apr-25,10-Apr-25,5,2,100%,11-Apr-25,2,
Done,Pengadaan Perlengkapan Kantor,KIK0000009578,HEAD OFFICE KIK.,Spring file (30 untuk nipah),Pcs,21-Mar-25,"8,500",30,"255,000",APPROVED,KIK3600004795,2-Apr-25,ATK MAKASSAR JAYA,30,"8,000","240,000","15,000",6%,7,7,100%,14-Apr-25,3,9,0%,9-Apr-25,10-Apr-25,5,2,100%,11-Apr-25,2,
Done,Pengadaan Perlengkapan Kantor,KIK0000009578,HEAD OFFICE KIK.,Box file (untuk nipah),Pcs,21-Mar-25,"36,000",10,"360,000",APPROVED,KIK3600004795,2-Apr-25,ATK MAKASSAR JAYA,10,"35,000","350,000","10,000",3%,7,7,100%,14-Apr-25,3,9,0%,9-Apr-25,10-Apr-25,5,2,100%,11-Apr-25,2,
Done,Pengadaan Perlengkapan Kantor,KIK0000009578,HEAD OFFICE KIK.,"Gunting Uk. sedang (3 nipah, 2 stok GA)",Pcs,21-Mar-25,"9,500",5,"47,500",APPROVED,KIK3600004795,2-Apr-25,ATK MAKASSAR JAYA,5,"8,000","40,000","7,500",16%,7,7,100%,14-Apr-25,3,9,0%,9-Apr-25,10-Apr-25,5,2,100%,11-Apr-25,2,
Done,Pengadaan Perlengkapan Kantor,KIK0000009578,HEAD OFFICE KIK.,"Amplop putih uk. sedang (90) (2 untuk kasir, 1 stok GA)",Dozen,21-Mar-25,"28,000",3,"84,000",APPROVED,KIK3600004795,2-Apr-25,ATK MAKASSAR JAYA,3,"21,000","63,000","21,000",25%,7,7,100%,14-Apr-25,3,9,0%,9-Apr-25,10-Apr-25,5,2,100%,11-Apr-25,2,
Done,Pengadaan Perlengkapan Kantor,KIK0000009578,HEAD OFFICE KIK.,"Lem stik besar (2 untuk legal, 3 untuk Nipah, 1 untuk tax)",Pcs,21-Mar-25,"8,000",6,"48,000",APPROVED,KIK3600004795,2-Apr-25,ATK MAKASSAR JAYA,6,"7,000","42,000","6,000",13%,7,7,100%,14-Apr-25,3,9,0%,9-Apr-25,10-Apr-25,5,2,100%,11-Apr-25,2,
Done,Pengadaan Perlengkapan Kantor,KIK0000009578,HEAD OFFICE KIK.,"Double tape 2"" (Stok GA)",Roll,21-Mar-25,"9,000",5,"45,000",APPROVED,KIK3600004795,2-Apr-25,ATK MAKASSAR JAYA,5,"7,000","35,000","10,000",22%,7,7,100%,14-Apr-25,3,9,0%,9-Apr-25,10-Apr-25,5,2,100%,11-Apr-25,2,
Done,Pengadaan Perlengkapan Kantor,KIK0000009571,HEAD OFFICE KIK.,PRINTER Epson L3250 Untuk Engineering Nipah,Set,11-Apr-25,"2,850,000",1,"2,850,000",APPROVED,KIK3600004833,15-Apr-25,PT. KAWAUSO TEKNOLOGI INDONESIA,1,"2,700,000","2,700,000","150,000",5%,7,3,100%,16-Apr-25,3,2,100%,9-Apr-25,23-Apr-25,5,11,0%,26-May-25,24,
Done,Pengadaan Perlengkapan Kantor,KIK0000009587,HEAD OFFICE KIK.,"HARDISK SSDI 1 TB (SanDisk Extreme PRO Portable
SSD V2 USB Type C 3.2 - SDSSDE81) untuk divisi Markom",Pcs,21-Mar-25,"1,708,600",1,"1,708,600",APPROVED,KIK3600004798,26-Mar-25,PT. SHOPEE INTERNASIONAL INDONESIA,1,"1,708,600","1,708,600", -   ,0%,7,4,100%,27-Mar-25,3,2,100%,26-Mar-25,26-Mar-25,5,1,100%,4-Apr-25,8,
Done,Pengadaan Perlengkapan Kantor,KIK0000009605,HEAD OFFICE KIK.,KARTU NAMA Revisi Ibu Mila,Box,10-Apr-25,"65,000",1,"65,000",APPROVED,KIK3600004823,14-Apr-25,CV. SITRA PRINT,1,"65,000","65,000", -   ,0%,7,3,100%,16-Apr-25,3,3,100%,9-Apr-25,10-Apr-25,5,2,100%,20-May-25,29,
Done,Pengadaan Perlengkapan Kantor,KIK0000009623,HEAD OFFICE KIK.,PRINTER Epson L11050 A3 (untuk Tim Project),Set,11-Apr-25,"7,000,000",1,"7,000,000",APPROVED,KIK3600004834,15-Apr-25,CV. ELEXTRA,1,"6,650,000","6,650,000","350,000",5%,7,3,100%,16-Apr-25,3,2,100%,9-Apr-25,10-Apr-25,5,2,100%,20-May-25,29,
Done,Pengadaan Perlengkapan Kantor,KIK0000009718,HEAD OFFICE KIK.,KENDARAAN Operasional Nipah (TOYOTA NEW VELOZ 1.5 Q AT 2022 DD1994BY),Unit,23-Apr-25,"115,000,000",1,"115,000,000",APPROVED,KIK3600004869,25-Apr-25,PT. HADJI KALLA TOYOTA,1,"115,000,000","115,000,000", -   ,0%,7,3,100%,28-Apr-25,3,2,100%,25-Apr-25,25-Apr-25,5,1,100%,28-Apr-25,2,
Done,Pengadaan Perlengkapan Kantor,KIK0000009837,HEAD OFFICE KIK.,Charger laptop Markom (Harun),Pcs,15-May-25,"400,000",1,"400,000",APPROVED,KIK3600004932,22-May-25,CV. WANA SATRIA KOMPUTINDO,1,"400,000","400,000", -   ,0%,7,6,100%,28-Apr-25,3,-19,100%,2-Jun-25,3-Jun-25,5,2,100%,12-Jun-25,8,
Done,,KIK0000009896,HEAD OFFICE KIK.,JASA DOKUMENTASI - PEMBUATAN COMPRO KALLA LAND & PROPERTY - LAGI KERJA,Lumpsum,21-May-25,"1,200,000",1,"1,200,000",,KIK3600004999,30-May-25,LAGI KERJA,1,"1,200,000","1,200,000", -   ,0%,7,8,0%,23-Jun-25,3,17,0%,24-Jun-25,24-Jun-25,5,1,100%,22-Jul-25,21,MARCOM
Done,Pengadaan Perlengkapan Kantor,KIK0000009917,HEAD OFFICE KIK.,"SEPATU Boot PVC sx Krisbow, Uk All Size",Pair,29-May-25,"470,000",3,"1,410,000",APPROVED,KIK3600004984,3-Jun-25,PT. KAWAN LAMA SOLUSI,3,"304,000","912,000","498,000",35%,7,4,100%,11-Jun-25,3,7,0%,30-Jul-25,1-Aug-25,5,3,100%,2-Sep-25,23,
Done,Pengadaan Perlengkapan Kantor,KIK0000009917,HEAD OFFICE KIK.,Meteran Digital Ex Krisbow (Tim Project),Pcs,29-May-25,"2,460,000",2,"4,920,000",APPROVED,KIK3600004984,3-Jun-25,PT. KAWAN LAMA SOLUSI,2,"1,812,000","3,624,000","1,296,000",26%,7,4,100%,11-Jun-25,3,7,0%,30-Jul-25,1-Aug-25,5,3,100%,2-Sep-25,23,
Done,Pengadaan Perlengkapan Kantor,KIK0000009917,HEAD OFFICE KIK.,Meteran Gulung Panjang 50M ex Krisbow (tim Project),Pcs,29-May-25,"390,000",1,"390,000",APPROVED,KIK3600004984,3-Jun-25,PT. KAWAN LAMA SOLUSI,1,"200,000","200,000","190,000",49%,7,4,100%,11-Jun-25,3,7,0%,30-Jul-25,1-Aug-25,5,3,100%,2-Sep-25,23,
Done,Pengadaan Perlengkapan Kantor,KIK0000009948,HEAD OFFICE KIK.,"KERTAS HVS A4 80 garm sidu (2 untuk legal,1 untuk procurement, 5 untuk WK)",Ream,9-Jun-25,"60,000",8,"480,000",APPROVED,KIK3600004996,13-Jun-25,ATK MAKASSAR JAYA,8,"55,000","440,000","40,000",8%,7,5,100%,17-Jun-25,3,3,100%,18-Jun-25,20-Jun-25,5,3,100%,25-Jul-25,26,
Done,Pengadaan Perlengkapan Kantor,KIK0000009948,HEAD OFFICE KIK.,KERTAS HVS F4 80 gram sidu (untuk WK),Ream,9-Jun-25,"63,000",1,"63,000",APPROVED,KIK3600004998,13-Jun-25,CV. BUTTA RATEA MANDIRI,1,"61,000","61,000","2,000",3%,7,5,100%,17-Jun-25,3,3,100%,18-Jun-25,20-Jun-25,5,3,100%,26-Jul-25,26,
Done,Pengadaan Perlengkapan Kantor,KIK0000009948,HEAD OFFICE KIK.,"Map bening Putih (1 untuk Legal, 3 untuk WK)",Pack,9-Jun-25,"24,000",4,"96,000",APPROVED,KIK3600004996,13-Jun-25,ATK MAKASSAR JAYA,4,"15,000","60,000","36,000",38%,7,5,100%,17-Jun-25,3,3,100%,18-Jun-25,20-Jun-25,5,3,100%,27-Jul-25,26,
Done,Pengadaan Perlengkapan Kantor,KIK0000009948,HEAD OFFICE KIK.,"Tinta Epson L3250 Magenta (1 untuk procurement, 3 untuk WK)",Pcs,9-Jun-25,"112,000",4,"448,000",APPROVED,KIK3600004996,13-Jun-25,ATK MAKASSAR JAYA,4,"90,000","360,000","88,000",20%,7,5,100%,17-Jun-25,3,3,100%,18-Jun-25,20-Jun-25,5,3,100%,25-Jul-25,26,
Done,Pengadaan Perlengkapan Kantor,KIK0000009948,HEAD OFFICE KIK.,"Tinta Epson L3250 Cyan (1 untuk procurement, 2 untuk WK)",Pcs,9-Jun-25,"112,000",3,"336,000",APPROVED,KIK3600004996,13-Jun-25,ATK MAKASSAR JAYA,3,"90,000","270,000","66,000",20%,7,5,100%,17-Jun-25,3,3,100%,18-Jun-25,20-Jun-25,5,3,100%,25-Jul-25,26,
Done,Pengadaan Perlengkapan Kantor,KIK0000009948,HEAD OFFICE KIK.,"Tinta Epson L3250 Kuning (1 untuk procurement, 3 untuk WK)",Pcs,9-Jun-25,"112,000",4,"448,000",APPROVED,KIK3600004996,13-Jun-25,ATK MAKASSAR JAYA,4,"90,000","360,000","88,000",20%,7,5,100%,17-Jun-25,3,3,100%,18-Jun-25,20-Jun-25,5,3,100%,25-Jul-25,26,
Done,Pengadaan Perlengkapan Kantor,KIK0000009948,HEAD OFFICE KIK.,"Tinta Epson L3250 Hitam (1 untuk procurement, 2 untuk WK)",Pcs,9-Jun-25,"112,000",3,"336,000",APPROVED,KIK3600004996,13-Jun-25,ATK MAKASSAR JAYA,3,"90,000","270,000","66,000",20%,7,5,100%,17-Jun-25,3,3,100%,18-Jun-25,20-Jun-25,5,3,100%,25-Jul-25,26,
Done,Pengadaan Perlengkapan Kantor,KIK0000009948,HEAD OFFICE KIK.,"Pulpen Kenko Gel pen Hitam (1 untuk GA, 1 untuk Nipah, 1 untuk procurement, 1 untuk WK)",Dozen,9-Jun-25,"50,000",4,"200,000",APPROVED,KIK3600004996,13-Jun-25,ATK MAKASSAR JAYA,4,"47,000","188,000","12,000",6%,7,5,100%,17-Jun-25,3,3,100%,18-Jun-25,20-Jun-25,5,3,100%,25-Jul-25,26,
Done,Pengadaan Perlengkapan Kantor,KIK0000009948,HEAD OFFICE KIK.,"Pulpen Kenko Gel pen Biru (1 untuk GA, 1 untuk Nipah, 1)",Dozen,9-Jun-25,"50,000",2,"100,000",APPROVED,KIK3600004996,13-Jun-25,ATK MAKASSAR JAYA,2,"47,000","94,000","6,000",6%,7,5,100%,17-Jun-25,3,3,100%,18-Jun-25,20-Jun-25,5,3,100%,25-Jul-25,26,
Done,Pengadaan Perlengkapan Kantor,KIK0000009948,HEAD OFFICE KIK.,Kertas Karton A4 Hitam (untuk Legal),Pack,9-Jun-25,"47,000",1,"47,000",APPROVED,KIK3600004996,13-Jun-25,ATK MAKASSAR JAYA,1,"44,000","44,000","3,000",6%,7,5,100%,17-Jun-25,3,3,100%,18-Jun-25,20-Jun-25,5,3,100%,25-Jul-25,26,
Done,Pengadaan Perlengkapan Kantor,KIK0000009948,HEAD OFFICE KIK.,"Mouse Logitech M331 Hitam (1 untuk Nipah bu Astrid, 1 untuk Procurement bu Astrid, 1 untuk GA))",Pcs,9-Jun-25,"272,000",3,"816,000",APPROVED,KIK3600004996,13-Jun-25,ATK MAKASSAR JAYA,3,"265,000","795,000","21,000",3%,7,5,100%,17-Jun-25,3,3,100%,18-Jun-25,20-Jun-25,5,3,100%,25-Jul-25,26,
Done,Pengadaan Perlengkapan Kantor,KIK0000009948,HEAD OFFICE KIK.,Hard Case SSD & Kabel konektor (Hanya Case) (untuk Legal),Set,9-Jun-25,"62,500",1,"62,500",APPROVED,KIK3600004998,13-Jun-25,CV. BUTTA RATEA MANDIRI,1,"60,500","60,500","2,000",3%,7,5,100%,17-Jun-25,3,3,100%,18-Jun-25,20-Jun-25,5,3,100%,25-Jul-25,26,
Done,Pengadaan Perlengkapan Kantor,KIK0000009948,HEAD OFFICE KIK.,Hard Case SSD & Kabel konektor (Hanya Case) (untuk Legal),Set,9-Jun-25,"62,500",1,"62,500",APPROVED,KIK3600004998,13-Jun-25,CV. BUTTA RATEA MANDIRI,1,"60,500","60,500","2,000",3%,7,5,100%,17-Jun-25,3,3,100%,18-Jun-25,20-Jun-25,5,3,100%,25-Jul-25,26,
Done,Pengadaan Perlengkapan Kantor,KIK0000009948,HEAD OFFICE KIK.,"Map Coklat F4 (1 untuk Legal, 1 untuk WK)",Pack,9-Jun-25,"17,000",2,"34,000",APPROVED,KIK3600004998,13-Jun-25,CV. BUTTA RATEA MANDIRI,2,"15,000","30,000","4,000",12%,7,5,100%,17-Jun-25,3,3,100%,18-Jun-25,20-Jun-25,5,3,100%,25-Jul-25,26,
Done,Pengadaan Perlengkapan Kantor,KIK0000009948,HEAD OFFICE KIK.,"Map Coklat F4 (1 untuk Legal, 1 untuk WK)",Pack,9-Jun-25,"17,000",2,"34,000",APPROVED,KIK3600004998,13-Jun-25,CV. BUTTA RATEA MANDIRI,2,"15,000","30,000","4,000",12%,7,5,100%,17-Jun-25,3,3,100%,18-Jun-25,20-Jun-25,5,3,100%,25-Jul-25,26,
Done,Pengadaan Perlengkapan Kantor,KIK0000009948,HEAD OFFICE KIK.,Lakban Hitam 5 cm (3 untuk WK),Roll,9-Jun-25,"27,000",3,"81,000",APPROVED,KIK3600004996,13-Jun-25,ATK MAKASSAR JAYA,3,"12,000","36,000","45,000",56%,7,5,100%,17-Jun-25,3,3,100%,18-Jun-25,20-Jun-25,5,3,100%,25-Jul-25,26,
Done,Pengadaan Perlengkapan Kantor,KIK0000009948,HEAD OFFICE KIK.,Baterai Alcaline AA (untuk WK),Pcs,9-Jun-25,"17,000",2,"34,000",APPROVED,KIK3600004996,13-Jun-25,ATK MAKASSAR JAYA,2,"15,000","30,000","4,000",12%,7,5,100%,17-Jun-25,3,3,100%,18-Jun-25,20-Jun-25,5,3,100%,25-Jul-25,26,
Done,Pengadaan Perlengkapan Kantor,KIK0000009948,HEAD OFFICE KIK.,Baterai Alcaline AAA (untuk WK),Pcs,9-Jun-25,"19,000",2,"38,000",APPROVED,KIK3600004996,13-Jun-25,ATK MAKASSAR JAYA,2,"15,000","30,000","8,000",21%,7,5,100%,17-Jun-25,3,3,100%,18-Jun-25,20-Jun-25,5,3,100%,25-Jul-25,26,
Done,Pengadaan Perlengkapan Kantor,KIK0000009948,HEAD OFFICE KIK.,Spidol White Board (untuk WK),Pcs,9-Jun-25,"10,500",3,"31,500",APPROVED,KIK3600004998,13-Jun-25,CV. BUTTA RATEA MANDIRI,3,"8,500","25,500","6,000",19%,7,5,100%,17-Jun-25,3,3,100%,18-Jun-25,20-Jun-25,5,3,100%,25-Jul-25,26,
Done,Pengadaan Perlengkapan Kantor,KIK0000009948,HEAD OFFICE KIK.,Tray Box File Jaring hitam 4 kolom (untuk Nipah),Pcs,9-Jun-25,"177,000",1,"177,000",APPROVED,KIK3600004996,13-Jun-25,ATK MAKASSAR JAYA,1,"135,000","135,000","42,000",24%,7,5,100%,17-Jun-25,3,3,100%,18-Jun-25,20-Jun-25,5,3,100%,25-Jul-25,26,
Done,Pengadaan Perlengkapan Kantor,KIK0000009948,HEAD OFFICE KIK.,Logbook Uk. 20 x 15 CM (untuk WK),Pcs,9-Jun-25,"37,000",2,"74,000",APPROVED,KIK3600004996,13-Jun-25,ATK MAKASSAR JAYA,2,"10,500","21,000","53,000",72%,7,5,100%,17-Jun-25,3,3,100%,18-Jun-25,20-Jun-25,5,3,100%,25-Jul-25,26,
Done,Pengadaan Perlengkapan Kantor,KIK0000009948,HEAD OFFICE KIK.,Sign Here (untuk GA bu vita),Pcs,9-Jun-25,"24,000",1,"24,000",APPROVED,KIK3600004998,13-Jun-25,CV. BUTTA RATEA MANDIRI,1,"22,000","22,000","2,000",8%,7,5,100%,17-Jun-25,3,3,100%,18-Jun-25,20-Jun-25,5,3,100%,25-Jul-25,26,
Done,Pengadaan Perlengkapan Kantor,KIK0000009948,HEAD OFFICE KIK.,Sign Here (untuk GA bu vita),Pcs,9-Jun-25,"24,000",1,"24,000",APPROVED,KIK3600004998,13-Jun-25,CV. BUTTA RATEA MANDIRI,1,"22,000","22,000","2,000",8%,7,5,100%,17-Jun-25,3,3,100%,18-Jun-25,20-Jun-25,5,3,100%,25-Jul-25,26,
Done,Pengadaan Perlengkapan Kantor,KIK0000009948,HEAD OFFICE KIK.,"Tipe-X. Tarik (2 untuk WK, 3 stok untuk GA)",Pcs,9-Jun-25,"11,000",5,"55,000",APPROVED,KIK3600004996,13-Jun-25,ATK MAKASSAR JAYA,5,"10,000","50,000","5,000",9%,7,5,100%,17-Jun-25,3,3,100%,18-Jun-25,20-Jun-25,5,3,100%,25-Jul-25,26,
Done,Pengadaan Perlengkapan Kantor,KIK0000009948,HEAD OFFICE KIK.,Pensil Mekanik (Tindis) + Tinta (untuk WK),Pcs,9-Jun-25,"44,000",1,"44,000",APPROVED,KIK3600004996,13-Jun-25,ATK MAKASSAR JAYA,1,"12,000","12,000","32,000",73%,7,5,100%,17-Jun-25,3,3,100%,18-Jun-25,20-Jun-25,5,3,100%,25-Jul-25,26,
Done,Pengadaan Perlengkapan Kantor,KIK0000009948,HEAD OFFICE KIK.,Lem Fox Putih Sedang (untuk WK),Can,9-Jun-25,"15,000",1,"15,000",APPROVED,KIK3600004996,13-Jun-25,ATK MAKASSAR JAYA,1,"10,000","10,000","5,000",33%,7,5,100%,17-Jun-25,3,3,100%,18-Jun-25,20-Jun-25,5,3,100%,25-Jul-25,26,
Done,Pengadaan Perlengkapan Kantor,KIK0000009948,HEAD OFFICE KIK.,Isolasi bening 2 cm (Sedang) (untuk WK),Roll,9-Jun-25,"20,000",3,"60,000",APPROVED,KIK3600004996,13-Jun-25,ATK MAKASSAR JAYA,3,"6,500","19,500","40,500",68%,7,5,100%,17-Jun-25,3,3,100%,18-Jun-25,20-Jun-25,5,3,100%,25-Jul-25,26,
Done,Pengadaan Perlengkapan Kantor,KIK0000009948,HEAD OFFICE KIK.,Isolasi bening 5 cm (Besar) (untuk WK),Roll,9-Jun-25,"25,000",3,"75,000",APPROVED,KIK3600004996,13-Jun-25,ATK MAKASSAR JAYA,3,"13,000","39,000","36,000",48%,7,5,100%,17-Jun-25,3,3,100%,18-Jun-25,20-Jun-25,5,3,100%,25-Jul-25,26,
Done,Pengadaan Perlengkapan Kantor,KIK0000009948,HEAD OFFICE KIK.,V TEC PVC CARD (Untuk ID Card) (untuk GA),Dozen,9-Jun-25,"52,000",1,"52,000",APPROVED,KIK3600004998,13-Jun-25,CV. BUTTA RATEA MANDIRI,1,"50,000","50,000","2,000",4%,7,5,100%,17-Jun-25,3,3,100%,18-Jun-25,20-Jun-25,5,3,100%,25-Jul-25,26,
Done,Pengadaan Perlengkapan Kantor,KIK0000009948,HEAD OFFICE KIK.,V TEC PVC CARD (Untuk ID Card) (untuk GA),Dozen,9-Jun-25,"52,000",1,"52,000",APPROVED,KIK3600004998,13-Jun-25,CV. BUTTA RATEA MANDIRI,1,"50,000","50,000","2,000",4%,7,5,100%,17-Jun-25,3,3,100%,18-Jun-25,20-Jun-25,5,3,100%,25-Jul-25,26,
Done,Pengadaan Perlengkapan Kantor,KIK0000009948,HEAD OFFICE KIK.,"Double tape 5"" Besar (1 untuk GA, 2 untuk WK)",Roll,9-Jun-25,"30,000",3,"90,000",APPROVED,KIK3600004996,13-Jun-25,ATK MAKASSAR JAYA,3,"13,000","39,000","51,000",57%,7,5,100%,17-Jun-25,3,3,100%,18-Jun-25,20-Jun-25,5,3,100%,25-Jul-25,26,
Done,Pengadaan Perlengkapan Kantor,KIK0000010094,HEAD OFFICE KIK.,"STEMPEL Logistik Wisma Kalla (Untuk Logistik Wisma Kalla) Uk. 1,5 x 5 cm",Pcs,5-Jul-25,"140,000",1,"140,000",APPROVED,KIK3600005079,11-Jul-25,CV. SITRA PRINT,1,"100,000","100,000","40,000",29%,7,5,100%,29-Jul-25,3,13,0%,30-Jul-25,31-Jul-25,5,2,100%,30-Oct-25,66,
Done,Pengadaan Perlengkapan Kantor,KIK0000010094,HEAD OFFICE KIK.,Logbook ukuran besar,Pcs,1-Jul-25,"60,000",3,"180,000",APPROVED,KIK3600005068,9-Jul-25,ATK MAKASSAR JAYA,3,"40,000","120,000","60,000",33%,7,7,100%,12-Jul-25,3,3,100%,14-Jul-25,15-Jul-25,5,2,100%,13-Aug-25,22,
Done,Pengadaan Perlengkapan Kantor,KIK0000010103,HEAD OFFICE KIK.,ENGSEL PINTU Tanam DOrma bts 84(untuk pintu Room Meeting Lt.9),Pcs,30-Jun-25,"1,750,000",1,"1,750,000",APPROVED,KIK3600005075,11-Jul-25,PT. TANGGUH INTI PERKASA,1,"960,000","960,000","790,000",45%,7,10,0%,15-Jul-25,3,3,100%,7-Oct-25,7-Oct-25,5,1,100%,13-Nov-25,28,
Done,Pengadaan Perlengkapan Kantor,KIK0000010103,HEAD OFFICE KIK.,ENGSEL PINTU Atas (NOT) Dorma (untuk pintu Room Meeting Lt.9),Pcs,30-Jun-25,"550,000",1,"550,000",APPROVED,KIK3600005075,11-Jul-25,PT. TANGGUH INTI PERKASA,1,"135,000","135,000","415,000",75%,7,10,0%,15-Jul-25,3,3,100%,7-Oct-25,7-Oct-25,5,1,100%,13-Nov-25,28,
Done,Pengadaan Perlengkapan Kantor,KIK0000010117,HEAD OFFICE KIK.,"BATERAI LAPTOP Lenovo C340-14IWL (laptop ex pak firman, sekarang dipake firah QBI)",Pcs,1-Jul-25,"850,000",1,"850,000",APPROVED,KIK3600005067,9-Jul-25,CV. WANA SATRIA KOMPUTINDO,1,"550,000","550,000","300,000",35%,7,7,100%,9-Jul-25,3,1,100%,10-Jul-25,10-Jul-25,5,1,100%,5-Sep-25,42,
Done,Pengadaan Perlengkapan Kantor,KIK0000010191,HEAD OFFICE KIK.,"stiker branding mobil operasional MaRI (Ukuran logo MaRI : 36cm X 27cm  Ukuran MAL RATU INDAH : 34cm X 2,4cm Masing-masing 2pcs)",Set,21-Jul-25,"350,000",1,"350,000",APPROVED,KIK3600005137,31-Jul-25,CV. SITRA PRINT,1,"296,000","296,000","54,000",15%,7,9,0%,29-Jul-25,3,-3,100%,,,5,0,100%,,0,
Done,Pengadaan Perlengkapan Kantor,KIK0000010191,HEAD OFFICE KIK.,"stiker branding mobil operasional Nipah (Ukuran logo Nipah : 36cm X 27cm  Ukuran Nipah : 34cm X 2,4cm)",Set,21-Jul-25,"350,000",1,"350,000",APPROVED,KIK3600005137,31-Jul-25,CV. SITRA PRINT,1,"321,000","321,000","29,000",8%,7,9,0%,29-Jul-25,3,-3,100%,,,5,0,100%,,,
Done,Pengadaan Perlengkapan Kantor,KIK0000010196,HEAD OFFICE KIK.,FORM LOADING IN Wisma Kalla,Block,21-Jul-25,"30,000",10,"300,000",APPROVED,KIK3600005135,24-Jul-25,CV. SITRA PRINT,10,"30,000","300,000", -   ,0%,7,4,100%,29-Jul-25,3,4,0%,15-Oct-25,15-Oct-25,5,1,100%,14-Nov-25,23,
Done,Pengadaan Perlengkapan Kantor,KIK0000010196,HEAD OFFICE KIK.,FORM IZIN KERJA Wisma Kalla,Block,21-Jul-25,"60,000",10,"600,000",APPROVED,KIK3600005135,24-Jul-25,CV. SITRA PRINT,10,"60,000","600,000", -   ,0%,7,4,100%,29-Jul-25,3,4,0%,15-Oct-25,15-Oct-25,5,1,100%,14-Nov-25,23,
Done,Pengadaan Perlengkapan Kantor,KIK0000010196,HEAD OFFICE KIK.,FORM OVERTIME TENANT Wisma Kalla,Block,21-Jul-25,"60,000",10,"600,000",APPROVED,KIK3600005135,24-Jul-25,CV. SITRA PRINT,10,"60,000","600,000", -   ,0%,7,4,100%,29-Jul-25,3,4,0%,15-Oct-25,15-Oct-25,5,1,100%,14-Nov-25,23,
Done,Pengadaan Perlengkapan Kantor,KIK0000010233,HEAD OFFICE KIK.,"KERTAS HVS A4 80 Gram Sidu (1 Untuk legal, 10 untuk mari, 15 untuk Nipah)",Ream,21-Jul-25,"56,000",26,"1,456,000",APPROVED,KIK3600005150,6-Aug-25,ATK MAKASSAR JAYA,26,"56,000","1,456,000", -   ,0%,7,13,0%,8-Aug-25,3,3,100%,8-Sep-25,10-Sep-25,5,3,100%,9-Oct-25,22,
Done,Pengadaan Perlengkapan Kantor,KIK0000010233,HEAD OFFICE KIK.,Map Bening putih (5 untuk Nipah),Set,21-Jul-25,"15,000",5,"75,000",APPROVED,KIK3600005150,6-Aug-25,ATK MAKASSAR JAYA,5,"15,000","75,000", -   ,0%,7,13,0%,8-Aug-25,3,3,100%,8-Sep-25,10-Sep-25,5,3,100%,9-Oct-25,22,
Done,Pengadaan Perlengkapan Kantor,KIK0000010233,HEAD OFFICE KIK.,"Pulpen Kenko Gel pen Hitam (2 untuk mari,2 untuk Nipah)",Dozen,21-Jul-25,"47,000",5,"235,000",APPROVED,KIK3600005150,6-Aug-25,ATK MAKASSAR JAYA,5,"47,000","235,000", -   ,0%,7,13,0%,8-Aug-25,3,3,100%,8-Sep-25,10-Sep-25,5,3,100%,9-Oct-25,22,
Done,Pengadaan Perlengkapan Kantor,KIK0000010233,HEAD OFFICE KIK.,Pulpen Kenko Gel pen Biru (untuk Procurement),Dozen,21-Jul-25,"47,000",1,"47,000",APPROVED,KIK3600005150,6-Aug-25,ATK MAKASSAR JAYA,1,"47,000","47,000", -   ,0%,7,13,0%,8-Aug-25,3,3,100%,8-Sep-25,10-Sep-25,5,3,100%,9-Oct-25,22,
Done,Pengadaan Perlengkapan Kantor,KIK0000010233,HEAD OFFICE KIK.,"Stabillo, Biru, Pink & Kuning ( untuk Procurement)",Pcs,21-Jul-25,"10,000",3,"30,000",APPROVED,KIK3600005150,6-Aug-25,ATK MAKASSAR JAYA,3,"10,000","30,000", -   ,0%,7,13,0%,8-Aug-25,3,3,100%,8-Sep-25,10-Sep-25,5,3,100%,9-Oct-25,22,
Done,Pengadaan Perlengkapan Kantor,KIK0000010233,HEAD OFFICE KIK.,"Mouse Logitech M331 Hitam (2 untuk mari, 1 tax,1 nipah, 1 HCBP)",Pcs,21-Jul-25,"265,000",5,"1,325,000",APPROVED,KIK3600005150,6-Aug-25,ATK MAKASSAR JAYA,5,"265,000","1,325,000", -   ,0%,7,13,0%,8-Aug-25,3,3,100%,8-Sep-25,10-Sep-25,5,3,100%,9-Oct-25,22,
Done,Pengadaan Perlengkapan Kantor,KIK0000010233,HEAD OFFICE KIK.,Mouse Logitech M240 Hitam (untuk markom penggunaan mackbook),Pcs,21-Jul-25,"255,000",1,"255,000",APPROVED,KIK3600005150,6-Aug-25,ATK MAKASSAR JAYA,1,"255,000","255,000", -   ,0%,7,13,0%,8-Aug-25,3,3,100%,8-Sep-25,10-Sep-25,5,3,100%,9-Oct-25,22,
Done,Pengadaan Perlengkapan Kantor,KIK0000010233,HEAD OFFICE KIK.,Lakban kain merah daimaru 48mm (untuk mari),Roll,21-Jul-25,"12,000",5,"60,000",APPROVED,KIK3600005150,6-Aug-25,ATK MAKASSAR JAYA,5,"12,000","60,000", -   ,0%,7,13,0%,8-Aug-25,3,3,100%,8-Sep-25,10-Sep-25,5,3,100%,9-Oct-25,22,
Done,Pengadaan Perlengkapan Kantor,KIK0000010233,HEAD OFFICE KIK.,Lakban kain hitam daimaru 48mm (untuk mari),Roll,21-Jul-25,"12,000",5,"60,000",APPROVED,KIK3600005150,6-Aug-25,ATK MAKASSAR JAYA,5,"12,000","60,000", -   ,0%,7,13,0%,8-Aug-25,3,3,100%,8-Sep-25,10-Sep-25,5,3,100%,9-Oct-25,22,
Done,Pengadaan Perlengkapan Kantor,KIK0000010233,HEAD OFFICE KIK.,"Bterai Alcaline AA (16 untuk mari,12 untuk Nipah)",Pcs,21-Jul-25,"7,500",28,"210,000",APPROVED,KIK3600005150,6-Aug-25,ATK MAKASSAR JAYA,28,"7,500","210,000", -   ,0%,7,13,0%,8-Aug-25,3,3,100%,8-Sep-25,10-Sep-25,5,3,100%,9-Oct-25,22,
Done,Pengadaan Perlengkapan Kantor,KIK0000010233,HEAD OFFICE KIK.,Bterai Alcaline AAA (16 untuk mari),Pcs,21-Jul-25,"7,500",16,"120,000",APPROVED,KIK3600005150,6-Aug-25,ATK MAKASSAR JAYA,16,"7,500","120,000", -   ,0%,7,13,0%,8-Aug-25,3,3,100%,8-Sep-25,10-Sep-25,5,3,100%,9-Oct-25,22,
Done,Pengadaan Perlengkapan Kantor,KIK0000010233,HEAD OFFICE KIK.,Spidol White Board warna Merah (untuk Procurement),Pcs,21-Jul-25,"7,500",1,"7,500",APPROVED,KIK3600005150,6-Aug-25,ATK MAKASSAR JAYA,1,"7,500","7,500", -   ,0%,7,13,0%,8-Aug-25,3,3,100%,8-Sep-25,10-Sep-25,5,3,100%,9-Oct-25,22,
Done,Pengadaan Perlengkapan Kantor,KIK0000010233,HEAD OFFICE KIK.,Spidol White Board warna Biru (untuk Procurement),Pcs,21-Jul-25,"7,500",1,"7,500",APPROVED,KIK3600005150,6-Aug-25,ATK MAKASSAR JAYA,1,"7,500","7,500", -   ,0%,7,13,0%,8-Aug-25,3,3,100%,8-Sep-25,10-Sep-25,5,3,100%,9-Oct-25,22,
Done,Pengadaan Perlengkapan Kantor,KIK0000010233,HEAD OFFICE KIK.,Spidol White Board warna Hitam (untuk Procurement),Pcs,21-Jul-25,"7,500",1,"7,500",APPROVED,KIK3600005150,6-Aug-25,ATK MAKASSAR JAYA,1,"7,500","7,500", -   ,0%,7,13,0%,8-Aug-25,3,3,100%,8-Sep-25,10-Sep-25,5,3,100%,9-Oct-25,22,
Done,Pengadaan Perlengkapan Kantor,KIK0000010233,HEAD OFFICE KIK.,"Spidol Permanent Hitam (2 untuk HCBP,10 stok GA)",Pcs,21-Jul-25,"6,000",12,"72,000",APPROVED,KIK3600005150,6-Aug-25,ATK MAKASSAR JAYA,12,"6,000","72,000", -   ,0%,7,13,0%,8-Aug-25,3,3,100%,8-Sep-25,10-Sep-25,5,3,100%,9-Oct-25,22,
Done,Pengadaan Perlengkapan Kantor,KIK0000010233,HEAD OFFICE KIK.,"Lem Stick (5 Untuk Mari, 2 Stok GA)",Pcs,21-Jul-25,"7,000",7,"49,000",APPROVED,KIK3600005150,6-Aug-25,ATK MAKASSAR JAYA,7,"7,000","49,000", -   ,0%,7,13,0%,8-Aug-25,3,3,100%,8-Sep-25,10-Sep-25,5,3,100%,9-Oct-25,22,
Done,Pengadaan Perlengkapan Kantor,KIK0000010233,HEAD OFFICE KIK.,"Isolasi bening 2 cm Sedang (5 untuk mari, 2 untuk SCM)",Roll,21-Jul-25,"6,500",7,"45,500",APPROVED,KIK3600005150,6-Aug-25,ATK MAKASSAR JAYA,7,"6,500","45,500", -   ,0%,7,13,0%,8-Aug-25,3,3,100%,8-Sep-25,10-Sep-25,5,3,100%,9-Oct-25,22,
Done,Pengadaan Perlengkapan Kantor,KIK0000010233,HEAD OFFICE KIK.,Tempat Sampah Kubikal (Untuk procurement),Pcs,21-Jul-25,"210,000",1,"210,000",APPROVED,KIK3600005150,6-Aug-25,ATK MAKASSAR JAYA,1,"210,000","210,000", -   ,0%,7,13,0%,8-Aug-25,3,3,100%,8-Sep-25,10-Sep-25,5,3,100%,9-Oct-25,22,
Done,Pengadaan Perlengkapan Kantor,KIK0000010233,HEAD OFFICE KIK.,Isolasi bening 5 cm Besar (5 untuk mari),Roll,21-Jul-25,"13,000",5,"65,000",APPROVED,KIK3600005150,6-Aug-25,ATK MAKASSAR JAYA,5,"13,000","65,000", -   ,0%,7,13,0%,8-Aug-25,3,3,100%,8-Sep-25,10-Sep-25,5,3,100%,9-Oct-25,22,
Done,Pengadaan Perlengkapan Kantor,KIK0000010233,HEAD OFFICE KIK.,V TEC PVC CARD (Untuk ID Card) (merek E-Print) (untuk GA),Dozen,21-Jul-25,"53,000",1,"53,000",APPROVED,KIK3600005150,6-Aug-25,ATK MAKASSAR JAYA,1,"53,000","53,000", -   ,0%,7,13,0%,8-Aug-25,3,3,100%,8-Sep-25,10-Sep-25,5,3,100%,9-Oct-25,22,
Done,Pengadaan Perlengkapan Kantor,KIK0000010233,HEAD OFFICE KIK.,Sticky Note (merek Forte) (untuk HCBP),Pack,21-Jul-25,"8,000",1,"8,000",APPROVED,KIK3600005150,6-Aug-25,ATK MAKASSAR JAYA,1,"8,000","8,000", -   ,0%,7,13,0%,8-Aug-25,3,3,100%,8-Sep-25,10-Sep-25,5,3,100%,9-Oct-25,22,
Done,Pengadaan Perlengkapan Kantor,KIK0000010233,HEAD OFFICE KIK.,"Paper clip (berwarna) (2 untuk HCBP, 2 stok GA)",Pack,21-Jul-25,"8,000",4,"32,000",APPROVED,KIK3600005150,6-Aug-25,ATK MAKASSAR JAYA,4,"5,000","20,000","12,000",38%,7,13,0%,8-Aug-25,3,3,100%,8-Sep-25,10-Sep-25,5,3,100%,9-Oct-25,22,
Done,Pengadaan Perlengkapan Kantor,KIK0000010233,HEAD OFFICE KIK.,"Paku mading (warna transparan) (2 untuk HCBP, 2 stok GA)",Pack,21-Jul-25,"5,000",4,"20,000",APPROVED,KIK3600005150,6-Aug-25,ATK MAKASSAR JAYA,4,"5,000","20,000", -   ,0%,7,13,0%,8-Aug-25,3,3,100%,8-Sep-25,10-Sep-25,5,3,100%,9-Oct-25,22,
Done,Pengadaan Perlengkapan Kantor,KIK0000010233,HEAD OFFICE KIK.,"Cutter Kenko (1 Legal, 1 Mari & 3 Stok GA)",Pcs,21-Jul-25,"15,000",5,"75,000",APPROVED,KIK3600005150,6-Aug-25,ATK MAKASSAR JAYA,5,"15,000","75,000", -   ,0%,7,13,0%,8-Aug-25,3,3,100%,8-Sep-25,10-Sep-25,5,3,100%,9-Oct-25,22,
Done,Pengadaan Perlengkapan Kantor,KIK0000010233,HEAD OFFICE KIK.,"Gunting kertas (berwarna) (4 untuk HCBP, 1 Mari & 3 stok GA)",Pcs,21-Jul-25,"10,000",8,"80,000",APPROVED,KIK3600005150,6-Aug-25,ATK MAKASSAR JAYA,8,"10,000","80,000", -   ,0%,7,13,0%,8-Aug-25,3,3,100%,8-Sep-25,10-Sep-25,5,3,100%,9-Oct-25,22,
Done,Pengadaan Perlengkapan Kantor,KIK0000010233,HEAD OFFICE KIK.,"Double tape 5"" Besar (5 untuk mari, 2 untuk SCM)",Roll,21-Jul-25,"13,000",7,"91,000",APPROVED,KIK3600005150,6-Aug-25,ATK MAKASSAR JAYA,7,"13,000","91,000", -   ,0%,7,13,0%,8-Aug-25,3,3,100%,8-Sep-25,10-Sep-25,5,3,100%,9-Oct-25,22,
Done,Pengadaan Perlengkapan Kantor,KIK0000010233,HEAD OFFICE KIK.,Mistar Besi 30 Cm (Untuk MaRI),Pcs,21-Jul-25,"5,000",1,"5,000",APPROVED,KIK3600005150,6-Aug-25,ATK MAKASSAR JAYA,1,"5,000","5,000", -   ,0%,7,13,0%,8-Aug-25,3,3,100%,8-Sep-25,10-Sep-25,5,3,100%,9-Oct-25,22,
Done,Pengadaan Perlengkapan Kantor,KIK0000010233,HEAD OFFICE KIK.,"Stapler HD no. 10 (biasa) (3 Mari, 1 Nipah, & 2 Stok GA)",Pcs,21-Jul-25,"13,000",6,"78,000",APPROVED,KIK3600005150,6-Aug-25,ATK MAKASSAR JAYA,6,"13,000","78,000", -   ,0%,7,13,0%,8-Aug-25,3,3,100%,8-Sep-25,10-Sep-25,5,3,100%,9-Oct-25,22,
Done,Pengadaan Perlengkapan Kantor,KIK0000010233,HEAD OFFICE KIK.,Baterai C (Merek ABC),Pcs,21-Jul-25,"5,500",6,"33,000",APPROVED,KIK3600005150,6-Aug-25,ATK MAKASSAR JAYA,6,"5,500","33,000", -   ,0%,7,13,0%,8-Aug-25,3,3,100%,8-Sep-25,10-Sep-25,5,3,100%,9-Oct-25,22,
,Pengadaan Perlengkapan Kantor,KIK0000010295,HEAD OFFICE KIK.,"LICENSE OFFICE 365 Family (untuk tim finance, Tax, dan HCGA)",Unit,18-Aug-25,1750000,2,3500000,APPROVED,KIK3600005200,20-Aug-25,CV. ELEXTRA,2,1450000,2900000,"600,000",17%,7,3,100%,21-Aug-25,3,2,100%,25-Aug-25,27-Aug-25,5,3,100%,9-Oct-25,32,
,Pengadaan Perlengkapan Kantor,KIK0000010331,HEAD OFFICE KIK.,PROPERTY MANAGEMENT SYSTEM (SYNC),EA,13-Aug-25,45100000,1,45100000,APPROVED,KIK3600005243,1-Sep-25,PT. DIGDAYA OLAH TEKNOLOGI INDONESIA,1,"42,792,794.00","42,792,794.00","2,307,206",5%,7,14,0%,3-Oct-25,3,25,0%,24-Sep-25,24-Sep-25,5,1,100%,,-32803,marcom
,Pengadaan Perlengkapan Kantor,KIK0000010357,HEAD OFFICE KIK.,KARTU NAMA a/n karyawan Nur Hajriani dan Ibu Mahda Marhaenia,Box,20-Aug-25,80000,2,160000,APPROVED,KIK3600005222,27-Aug-25,CV. SITRA PRINT,2,70000,140000,"20,000",13%,7,6,100%,27-Aug-25,3,1,100%,27-Aug-25,27-Aug-25,5,1,100%,9-Oct-25,32,
,Pengadaan Perlengkapan Kantor,KIK0000010412,HEAD OFFICE KIK.,FORM LOADING IN/OUT untuk Operasional Wisma Kalla ,Block,12-Sep-25,"30,000",50,"1,500,000",APPROVED,KIK3600005294,19-Sep-25,CV. SITRA PRINT,50,"30,000","1,500,000", -   ,0%,7,6,100%,19-Sep-25,3,1,100%,3-Sep-25,3-Sep-25,5,1,100%,14-Nov-25,53,
,Pengadaan Perlengkapan Kantor,KIK0000010447,HEAD OFFICE KIK.,Lemari Mini Pantry Untuk HO Office Lt.9,Box,28-Aug-25,"1,800,000",1,"1,800,000",APPROVED,KIK3600005321,29-Sep-25,PT. HOME CENTER INDONESIA (INFORMA),1,"988,011","988,011","811,989",45%,7,23,0%,,,,,,,5,0,,,0,
,Pengadaan Perlengkapan Kantor,KIK0000010447,HEAD OFFICE KIK.,DISPENSER Untuk HO Office Lt.9,Set,28-Aug-25,"1,200,000",1,"1,200,000",APPROVED,KIK3600005328,29-Sep-25,PT. ALPINE INDO MAKMUR (TOKO SEMERU),1,"1,115,000","1,115,000","85,000",7%,7,23,0%,2-Oct-25,3,4,0%,14-Oct-25,14-Oct-25,5,1,,17-Oct-25,4,pembayaran cas
,Pengadaan Perlengkapan Kantor,KIK0000010457,HEAD OFFICE KIK.,HANDPHONE Untuk Operasonal CR MaRI,Unit,8-Sep-25,"1,600,000",1,"1,600,000",APPROVED,KIK3600005320,29-Sep-25,MGS CELL,1,"1,600,000","1,600,000", -   ,0%,7,16,0%,15-Oct-25,3,13,0%,13-Oct-25,13-Oct-25,5,1,,17-Oct-25,5,pembayaran cas
,Pengadaan Perlengkapan Kantor,KIK0000010493,HEAD OFFICE KIK.,LISENSI SOFTWARE Windows 11 Pro Untuk im Billcol MaRI an Ibu Nur Adlia Nawir & Pak Sahrul Gunawan (menggunakan E-Commerse TokoPedia),EA,8-Sep-25,"1,520,000",2,"3,040,000",APPROVED,KIK3600005286,16-Sep-25,PT. TOKOPEDIA,2,"1,500,000","3,000,000","40,000",1%,7,7,100%,,,,,3-Sep-25,3-Sep-25,5,1,100%,,-32788,
,Pengadaan Perlengkapan Kantor,KIK0000010532,HEAD OFFICE KIK.,KARTU NAMA untuk karyawan a/n Ibu Ulfiah Cendani (Div. Sales),Box,17-Sep-25,"80,000",1,"80,000",APPROVED,KIK3600005304,19-Sep-25,CV. SITRA PRINT,1,"70,000","70,000","10,000",13%,7,3,100%,30-Sep-25,3,8,0%,3-Sep-25,3-Sep-25,5,1,100%,14-Nov-25,53,
,Pengadaan Perlengkapan Kantor,KIK0000010548,HEAD OFFICE KIK.,MIC WIRELESS PRO 1 JJH (untuk Tim Markom keperluan Event),Set,19-Sep-25,"2,000,000",1,"2,000,000",APPROVED,KIK3600005326,29-Sep-25,PT. SHOPEE INTERNASIONAL INDONESIA,1,"1,725,500","1,725,500","274,500",14%,7,7,100%,9-Oct-25,3,3,100%,1-Oct-25,1-Oct-25,5,1,100%,,-32808,MArcom
,,KIK0000010629,HEAD OFFICE KIK.,MIC WIRELESS PRO 1 JJH (untuk Tim Markom keperluan Event),Set,8-Oct-25,"2,000,000",1,"2,000,000",APPROVED,KIK3600005356,10-Oct-25,PT. SHOPEE INTERNASIONAL INDONESIA,1,1999500,1999500,500,0%,7,3,100%,13-Oct-25,3,2,100%,9-Oct-25,9-Oct-25,5,1,100%,10-Oct-25,2,
,Pengadaan Perlengkapan Kantor,KIK0000010690,HEAD OFFICE KIK.,Cover Acces Card Lift,Pcs,7-Nov-25,"12,000",200,"2,400,000",APPROVED,KIK3600005448,14-Nov-25,PT. HND GEMILANG SOLUSINDO,200,12000,2400000, -   ,0%,7,6,100%,1-Dec-25,3,12,100%,,,5,0,,,0,
,Pengadaan Perlengkapan Kantor,KIK0000010698,HEAD OFFICE KIK.,Aplikasi Autocad (2 untuk FO Nipah an. putri devianti & abdul karim)(2 untuk Tim Project an. Ari Ashari & Asrul Al Attur),Pcs,7-Nov-25,"1,530,000",4,"6,120,000",APPROVED,KIK3600005450,14-Nov-25,PT. TOKOPEDIA,4,1504000,6016000,"104,000",2%,7,6,100%,5-Dec-25,3,16,100%,27-Nov-25,27-Nov-25,5,1,100%,,-32849,
,Pengadaan Perlengkapan Kantor,KIK0000010712,HEAD OFFICE KIK.,Aplikasi Nitro Pro Untuk Tim MaRI & Procurement,Pcs,7-Nov-25,"265,000",2,"530,000",APPROVED,KIK3600005446,14-Nov-25,PT. TOKOPEDIA,2,265000,530000, -   ,0%,7,6,100%,5-Dec-25,3,16,100%,27-Nov-25,27-Nov-25,5,1,100%,,-32849,
,Pengadaan Perlengkapan Kantor,KIK0000010769,HEAD OFFICE KIK.,HARDISK  1 TB WD Ext Elemen (Untuk fileing Tim Billing & Collection MaRI),Pcs,28-Nov-25,"930,000",1,"930,000",APPROVED,KIK3600005514,4-Dec-25,MAHADEWA KOMPUTER,1,910000,910000,"20,000",2%,7,5,100%,5-Dec-25,3,2,100%,27-Nov-25,27-Nov-25,5,1,100%,,-32849,
